sistema,nombre,same_as_wikidata_nombre,nombre-uri,linea,linea-uri,linea-cdmx,same_as_wikidata_linea,tipo,tipo-uri,alcaldia-1,same_as_wikidata_alcaldia-1,alcaldia-2,same_as_wikidata_alcaldia-2,alcaldias-uri,anio
STC Metro,Pantitlán,https://www.wikidata.org/entity/Q3352997,pantitlan,01,linea-1,Line 1,https://wikidata.org/entity/Q2295084,Terminal / Transbordo,terminal-transbordo,Venustiano Carranza,https://wikidata.org/entity/Q10832464,,,venustiano-carranza,1984
STC Metro,Zaragoza,https://www.wikidata.org/entity/Q3356989,zaragoza,01,linea-1,Line 1,https://wikidata.org/entity/Q2295084,Intermedia,intermedia,Venustiano Carranza,https://wikidata.org/entity/Q10832464,,,venustiano-carranza,1969
STC Metro,Gómez Farías,https://www.wikidata.org/entity/Q3356988,gomez-farias,01,linea-1,Line 1,https://wikidata.org/entity/Q2295084,Intermedia,intermedia,Venustiano Carranza,https://wikidata.org/entity/Q10832464,,,venustiano-carranza,1969
STC Metro,Boulevard Puerto Aéreo,https://www.wikidata.org/entity/Q2630441,boulevard-puerto-aereo,01,linea-1,Line 1,https://wikidata.org/entity/Q2295084,Intermedia,intermedia,Venustiano Carranza,https://wikidata.org/entity/Q10832464,,,venustiano-carranza,1969
STC Metro,Balbuena,https://www.wikidata.org/entity/Q3356881,balbuena,01,linea-1,Line 1,https://wikidata.org/entity/Q2295084,Intermedia,intermedia,Venustiano Carranza,https://wikidata.org/entity/Q10832464,,,venustiano-carranza,1969
STC Metro,Moctezuma,https://www.wikidata.org/entity/Q3357017,moctezuma,01,linea-1,Line 1,https://wikidata.org/entity/Q2295084,Intermedia,intermedia,Venustiano Carranza,https://wikidata.org/entity/Q10832464,,,venustiano-carranza,1969
STC Metro,San Lázaro,https://www.wikidata.org/entity/Q3356984,san-lazaro,01,linea-1,Line 1,https://wikidata.org/entity/Q2295084,Intermedia / Transbordo,intermedia-transbordo,Venustiano Carranza,https://wikidata.org/entity/Q10832464,,,venustiano-carranza,1969
STC Metro,Candelaria,https://www.wikidata.org/entity/Q2936246,candelaria,01,linea-1,Line 1,https://wikidata.org/entity/Q2295084,Intermedia / Transbordo,intermedia-transbordo,Venustiano Carranza,https://wikidata.org/entity/Q10832464,,,venustiano-carranza,1969
STC Metro,Merced,https://www.wikidata.org/entity/Q3356980,merced,01,linea-1,Line 1,https://wikidata.org/entity/Q2295084,Intermedia,intermedia,Venustiano Carranza,https://wikidata.org/entity/Q10832464,,,venustiano-carranza,1969
STC Metro,Pino Suárez,https://www.wikidata.org/entity/Q3357008,pino-suarez,01,linea-1,Line 1,https://wikidata.org/entity/Q2295084,Intermedia / Transbordo,intermedia-transbordo,Cuauhtémoc,https://wikidata.org/entity/Q645293,,,cuauhtemoc,1969
STC Metro,Isabel la Católica,https://www.wikidata.org/entity/Q3356870,isabel-la-catolica,01,linea-1,Line 1,https://wikidata.org/entity/Q2295084,Intermedia,intermedia,Cuauhtémoc,https://wikidata.org/entity/Q645293,,,cuauhtemoc,1969
STC Metro,Salto del Agua,https://www.wikidata.org/entity/Q740243,salto-del-agua,01,linea-1,Line 1,https://wikidata.org/entity/Q2295084,Intermedia / Transbordo,intermedia-transbordo,Cuauhtémoc,https://wikidata.org/entity/Q645293,,,cuauhtemoc,1969
STC Metro,Balderas,https://www.wikidata.org/entity/Q3356947,balderas,01,linea-1,Line 1,https://wikidata.org/entity/Q2295084,Intermedia / Transbordo,intermedia-transbordo,Cuauhtémoc,https://wikidata.org/entity/Q645293,,,cuauhtemoc,1969
STC Metro,Cuauhtémoc,https://www.wikidata.org/entity/Q3356912,cuauhtemoc,01,linea-1,Line 1,https://wikidata.org/entity/Q2295084,Intermedia,intermedia,Cuauhtémoc,https://wikidata.org/entity/Q645293,,,cuauhtemoc,1969
STC Metro,Insurgentes,https://www.wikidata.org/entity/Q3301776,insurgentes,01,linea-1,Line 1,https://wikidata.org/entity/Q2295084,Intermedia,intermedia,Cuauhtémoc,https://wikidata.org/entity/Q645293,,,cuauhtemoc,1969
STC Metro,Sevilla,https://www.wikidata.org/entity/Q2056503,sevilla,01,linea-1,Line 1,https://wikidata.org/entity/Q2295084,Intermedia,intermedia,Cuauhtémoc,https://wikidata.org/entity/Q645293,,,cuauhtemoc,1969
STC Metro,Chapultepec,https://www.wikidata.org/entity/Q3357035,chapultepec,01,linea-1,Line 1,https://wikidata.org/entity/Q2295084,Intermedia,intermedia,Cuauhtémoc,https://wikidata.org/entity/Q645293,Miguel Hidalgo,,cuauhtemoc;miguel-hidalgo,1969
STC Metro,Juanacatlán,https://www.wikidata.org/entity/Q3356938,juanacatlan,01,linea-1,Line 1,https://wikidata.org/entity/Q2295084,Intermedia,intermedia,Miguel Hidalgo,https://wikidata.org/entity/Q1832732,,,miguel-hidalgo,1970
STC Metro,Tacubaya,https://www.wikidata.org/entity/Q2744158,tacubaya,01,linea-1,Line 1,https://wikidata.org/entity/Q2295084,Intermedia / Transbordo,intermedia-transbordo,Miguel Hidalgo,https://wikidata.org/entity/Q1832732,,,miguel-hidalgo,1970
STC Metro,Observatorio,https://www.wikidata.org/entity/Q388460,observatorio,01,linea-1,Line 1,https://wikidata.org/entity/Q2295084,Terminal,terminal,Álvaro Obregón,https://wikidata.org/entity/Q14906254,,,alvaro-obregon,1972
STC Metro,Cuatro Caminos,https://www.wikidata.org/entity/Q3356908,cuatro-caminos,02,linea-2,Line 2,https://wikidata.org/entity/Q1152993,Terminal,terminal,state of Mexico,https://wikidata.org/entity/Q15149663,Naucalpan de Juárez,https://wikidata.org/entity/Q2276224,estado-de-mexico-naucalpan-de-juarez,1984
STC Metro,Panteones,https://www.wikidata.org/entity/Q3357000,panteones,02,linea-2,Line 2,https://wikidata.org/entity/Q1152993,Intermedia,intermedia,Miguel Hidalgo,https://wikidata.org/entity/Q1832732,,,miguel-hidalgo,1984
STC Metro,Tacuba,https://www.wikidata.org/entity/Q3356901,tacuba,02,linea-2,Line 2,https://wikidata.org/entity/Q1152993,Intermedia / Transbordo,intermedia-transbordo,Miguel Hidalgo,https://wikidata.org/entity/Q1832732,,,miguel-hidalgo,1970
STC Metro,Cuitláhuac,https://www.wikidata.org/entity/Q3357029,cuitlahuac,02,linea-2,Line 2,https://wikidata.org/entity/Q1152993,Intermedia,intermedia,Miguel Hidalgo,https://wikidata.org/entity/Q1832732,,,miguel-hidalgo,1970
STC Metro,Popotla,https://www.wikidata.org/entity/Q3356929,popotla,02,linea-2,Line 2,https://wikidata.org/entity/Q1152993,Intermedia,intermedia,Miguel Hidalgo,https://wikidata.org/entity/Q1832732,,,miguel-hidalgo,1970
STC Metro,Colegio Militar,https://www.wikidata.org/entity/Q3356873,colegio-militar,02,linea-2,Line 2,https://wikidata.org/entity/Q1152993,Intermedia,intermedia,Miguel Hidalgo,https://wikidata.org/entity/Q1832732,,,miguel-hidalgo,1970
STC Metro,Normal,https://www.wikidata.org/entity/Q3356995,normal,02,linea-2,Line 2,https://wikidata.org/entity/Q1152993,Intermedia,intermedia,Miguel Hidalgo,https://wikidata.org/entity/Q1832732,,,miguel-hidalgo,1970
STC Metro,San Cosme,https://www.wikidata.org/entity/Q3356972,san-cosme,02,linea-2,Line 2,https://wikidata.org/entity/Q1152993,Intermedia,intermedia,Cuauhtémoc,https://wikidata.org/entity/Q645293,,,cuauhtemoc,1970
STC Metro,Revolución,https://www.wikidata.org/entity/Q3357042,revolucion,02,linea-2,Line 2,https://wikidata.org/entity/Q1152993,Intermedia,intermedia,Cuauhtémoc,https://wikidata.org/entity/Q645293,,,cuauhtemoc,1970
STC Metro,Hidalgo,https://www.wikidata.org/entity/Q2541914,hidalgo,02,linea-2,Line 2,https://wikidata.org/entity/Q1152993,Intermedia / Transbordo,intermedia-transbordo,Cuauhtémoc,https://wikidata.org/entity/Q645293,,,cuauhtemoc,1970
STC Metro,Bellas Artes,https://www.wikidata.org/entity/Q2541953,bellas-artes,02,linea-2,Line 2,https://wikidata.org/entity/Q1152993,Intermedia / Transbordo,intermedia-transbordo,Cuauhtémoc,https://wikidata.org/entity/Q645293,,,cuauhtemoc,1970
STC Metro,Allende,https://www.wikidata.org/entity/Q3287760,allende,02,linea-2,Line 2,https://wikidata.org/entity/Q1152993,Intermedia,intermedia,Cuauhtémoc,https://wikidata.org/entity/Q645293,,,cuauhtemoc,1970
STC Metro,Zócalo/Tenochtitlan,https://www.wikidata.org/entity/Q3356920,zocalo,02,linea-2,Line 2,https://wikidata.org/entity/Q1152993,Intermedia,intermedia,Cuauhtémoc,https://wikidata.org/entity/Q645293,,,cuauhtemoc,1970
STC Metro,Pino Suárez,https://www.wikidata.org/entity/Q3357008,pino-suarez,02,linea-2,Line 2,https://wikidata.org/entity/Q1152993,Intermedia / Transbordo,intermedia-transbordo,Cuauhtémoc,https://wikidata.org/entity/Q645293,,,cuauhtemoc,1970
STC Metro,San Antonio Abad,https://www.wikidata.org/entity/Q3356897,san-antonio-abad,02,linea-2,Line 2,https://wikidata.org/entity/Q1152993,Intermedia,intermedia,Cuauhtémoc,https://wikidata.org/entity/Q645293,,,cuauhtemoc,1970
STC Metro,Chabacano,https://www.wikidata.org/entity/Q3317707,chabacano,02,linea-2,Line 2,https://wikidata.org/entity/Q1152993,Intermedia / Transbordo,intermedia-transbordo,Cuauhtémoc,https://wikidata.org/entity/Q645293,,,cuauhtemoc,1970
STC Metro,Viaducto,https://www.wikidata.org/entity/Q3357024,viaducto,02,linea-2,Line 2,https://wikidata.org/entity/Q1152993,Intermedia,intermedia,Benito Juárez,https://wikidata.org/entity/Q2356998,Iztacalco,,benito-juarez;iztacalco,1970
STC Metro,Xola,https://www.wikidata.org/entity/Q3356924,xola,02,linea-2,Line 2,https://wikidata.org/entity/Q1152993,Intermedia,intermedia,Benito Juárez,https://wikidata.org/entity/Q2356998,,,benito-juarez,1970
STC Metro,Villa de Cortés,https://www.wikidata.org/entity/Q3356965,villa-de-cortes,02,linea-2,Line 2,https://wikidata.org/entity/Q1152993,Intermedia,intermedia,Benito Juárez,https://wikidata.org/entity/Q2356998,,,benito-juarez,1970
STC Metro,Nativitas,https://www.wikidata.org/entity/Q3356904,nativitas,02,linea-2,Line 2,https://wikidata.org/entity/Q1152993,Intermedia,intermedia,Benito Juárez,https://wikidata.org/entity/Q2356998,,,benito-juarez,1970
STC Metro,Portales,https://www.wikidata.org/entity/Q3356960,portales,02,linea-2,Line 2,https://wikidata.org/entity/Q1152993,Intermedia,intermedia,Benito Juárez,https://wikidata.org/entity/Q2356998,,,benito-juarez,1970
STC Metro,Ermita,https://www.wikidata.org/entity/Q5256668,ermita,02,linea-2,Line 2,https://wikidata.org/entity/Q1152993,Intermedia / Transbordo,intermedia-transbordo,Benito Juárez,https://wikidata.org/entity/Q2356998,,,benito-juarez,1970
STC Metro,General Anaya,https://www.wikidata.org/entity/Q3356888,general-anaya,02,linea-2,Line 2,https://wikidata.org/entity/Q1152993,Intermedia,intermedia,Coyoacán,https://wikidata.org/entity/Q661315,,,coyoacan,1970
STC Metro,Tasqueña,https://www.wikidata.org/entity/Q3357320,tasquena,02,linea-2,Line 2,https://wikidata.org/entity/Q1152993,Terminal,terminal,Coyoacán,https://wikidata.org/entity/Q661315,,,coyoacan,1970
STC Metro,Indios Verdes,https://www.wikidata.org/entity/Q3431052,indios-verdes,03,linea-3,Line 3,https://wikidata.org/entity/Q945935,Terminal,terminal,Gustavo A. Madero,https://wikidata.org/entity/Q2027082,,,gustavo-a.-madero,1979
STC Metro,Deportivo 18 de Marzo,https://www.wikidata.org/entity/Q3431319,deportivo-18-de-marzo,03,linea-3,Line 3,https://wikidata.org/entity/Q945935,Intermedia / Transbordo,intermedia-transbordo,Gustavo A. Madero,https://wikidata.org/entity/Q2027082,,,gustavo-a.-madero,1979
STC Metro,Potrero,https://www.wikidata.org/entity/Q6824678,potrero,03,linea-3,Line 3,https://wikidata.org/entity/Q945935,Intermedia,intermedia,Gustavo A. Madero,https://wikidata.org/entity/Q2027082,,,gustavo-a.-madero,1979
STC Metro,La Raza,https://www.wikidata.org/entity/Q3429492,la-raza,03,linea-3,Line 3,https://wikidata.org/entity/Q945935,Intermedia / Transbordo,intermedia-transbordo,Gustavo A. Madero,https://wikidata.org/entity/Q2027082,,,gustavo-a.-madero,1978
STC Metro,Tlatelolco,https://www.wikidata.org/entity/Q3431323,tlatelolco,03,linea-3,Line 3,https://wikidata.org/entity/Q945935,Intermedia,intermedia,Cuauhtémoc,https://wikidata.org/entity/Q645293,,,cuauhtemoc,1970
STC Metro,Guerrero,https://www.wikidata.org/entity/Q6824578,guerrero,03,linea-3,Line 3,https://wikidata.org/entity/Q945935,Intermedia / Transbordo,intermedia-transbordo,Cuauhtémoc,https://wikidata.org/entity/Q645293,,,cuauhtemoc,1970
STC Metro,Hidalgo,https://www.wikidata.org/entity/Q2541914,hidalgo,03,linea-3,Line 3,https://wikidata.org/entity/Q945935,Intermedia / Transbordo,intermedia-transbordo,Cuauhtémoc,https://wikidata.org/entity/Q645293,,,cuauhtemoc,1970
STC Metro,Juárez,https://www.wikidata.org/entity/Q6824601,juarez,03,linea-3,Line 3,https://wikidata.org/entity/Q945935,Intermedia,intermedia,Cuauhtémoc,https://wikidata.org/entity/Q645293,,,cuauhtemoc,1970
STC Metro,Balderas,https://www.wikidata.org/entity/Q3356947,balderas,03,linea-3,Line 3,https://wikidata.org/entity/Q945935,Intermedia / Transbordo,intermedia-transbordo,Cuauhtémoc,https://wikidata.org/entity/Q645293,,,cuauhtemoc,1970
STC Metro,Niños Héroes / Poder Judicial CDMX,https://www.wikidata.org/entity/Q6824647,ninos-heroes,03,linea-3,Line 3,https://wikidata.org/entity/Q945935,Intermedia,intermedia,Cuauhtémoc,https://wikidata.org/entity/Q645293,,,cuauhtemoc,1970
STC Metro,Hospital General,https://www.wikidata.org/entity/Q6824588,hospital-general,03,linea-3,Line 3,https://wikidata.org/entity/Q945935,Intermedia,intermedia,Cuauhtémoc,https://wikidata.org/entity/Q645293,,,cuauhtemoc,1970
STC Metro,Centro Médico,https://www.wikidata.org/entity/Q5810513,centro-medico,03,linea-3,Line 3,https://wikidata.org/entity/Q945935,Intermedia / Transbordo,intermedia-transbordo,Cuauhtémoc,https://wikidata.org/entity/Q645293,,,cuauhtemoc,1980
STC Metro,Etiopía-Plaza de la Transparencia,https://www.wikidata.org/entity/Q3429486,etiopia,03,linea-3,Line 3,https://wikidata.org/entity/Q945935,Intermedia,intermedia,Benito Juárez,https://wikidata.org/entity/Q2356998,,,benito-juarez,1980
STC Metro,Eugenia,https://www.wikidata.org/entity/Q6824568,eugenia,03,linea-3,Line 3,https://wikidata.org/entity/Q945935,Intermedia,intermedia,Benito Juárez,https://wikidata.org/entity/Q2356998,,,benito-juarez,1980
STC Metro,División del Norte,https://www.wikidata.org/entity/Q6824558,division-del-norte,03,linea-3,Line 3,https://wikidata.org/entity/Q945935,Intermedia,intermedia,Benito Juárez,https://wikidata.org/entity/Q2356998,,,benito-juarez,1980
STC Metro,Zapata,https://www.wikidata.org/entity/Q6824782,zapata,03,linea-3,Line 3,https://wikidata.org/entity/Q945935,Intermedia / Transbordo,intermedia-transbordo,Benito Juárez,https://wikidata.org/entity/Q2356998,,,benito-juarez,1980
STC Metro,Coyoacán,https://www.wikidata.org/entity/Q3366731,coyoacan,03,linea-3,Line 3,https://wikidata.org/entity/Q945935,Intermedia,intermedia,Benito Juárez,https://wikidata.org/entity/Q2356998,,,benito-juarez,1983
STC Metro,Viveros / Derechos Humanos,https://www.wikidata.org/entity/Q7335651,viveros-derechos-humanos,03,linea-3,Line 3,https://wikidata.org/entity/Q945935,Intermedia,intermedia,Álvaro Obregón,https://wikidata.org/entity/Q14906254,Coyoacán,,alvaro-obregon;coyoacan,1983
STC Metro,Miguel Ángel de Quevedo,https://www.wikidata.org/entity/Q6824630,miguel-angel-de-quevedo,03,linea-3,Line 3,https://wikidata.org/entity/Q945935,Intermedia,intermedia,Coyoacán,https://wikidata.org/entity/Q661315,,,coyoacan,1983
STC Metro,Copilco,https://www.wikidata.org/entity/Q6824550,copilco,03,linea-3,Line 3,https://wikidata.org/entity/Q945935,Intermedia,intermedia,Coyoacán,https://wikidata.org/entity/Q661315,,,coyoacan,1983
STC Metro,Universidad,https://www.wikidata.org/entity/Q6824764,universidad,03,linea-3,Line 3,https://wikidata.org/entity/Q945935,Terminal,terminal,Coyoacán,https://wikidata.org/entity/Q661315,,,coyoacan,1983
STC Metro,Santa Anita,https://www.wikidata.org/entity/Q6824703,santa-anita,04,linea-4,Line 4,https://wikidata.org/entity/Q2837181,Terminal / Transbordo,terminal-transbordo,Iztacalco,https://wikidata.org/entity/Q953866,,,iztacalco,1982
STC Metro,Jamaica,https://www.wikidata.org/entity/Q3377006,jamaica,04,linea-4,Line 4,https://wikidata.org/entity/Q2837181,Intermedia / Transbordo,intermedia-transbordo,Venustiano Carranza,https://wikidata.org/entity/Q10832464,,,venustiano-carranza,1982
STC Metro,Fray Servando,https://www.wikidata.org/entity/Q6824573,fray-servando,04,linea-4,Line 4,https://wikidata.org/entity/Q2837181,Intermedia,intermedia,Venustiano Carranza,https://wikidata.org/entity/Q10832464,,,venustiano-carranza,1982
STC Metro,Candelaria,https://www.wikidata.org/entity/Q2936246,candelaria,04,linea-4,Line 4,https://wikidata.org/entity/Q2837181,Intermedia / Transbordo,intermedia-transbordo,Venustiano Carranza,https://wikidata.org/entity/Q10832464,,,venustiano-carranza,1981
STC Metro,Morelos,https://www.wikidata.org/entity/Q9035123,morelos,04,linea-4,Line 4,https://wikidata.org/entity/Q2837181,Intermedia / Transbordo,intermedia-transbordo,Venustiano Carranza,https://wikidata.org/entity/Q10832464,,,venustiano-carranza,1981
STC Metro,Canal del Norte,https://www.wikidata.org/entity/Q6824521,canal-del-norte,04,linea-4,Line 4,https://wikidata.org/entity/Q2837181,Intermedia,intermedia,Venustiano Carranza,https://wikidata.org/entity/Q10832464,,,venustiano-carranza,1981
STC Metro,Consulado,https://www.wikidata.org/entity/Q6824549,consulado,04,linea-4,Line 4,https://wikidata.org/entity/Q2837181,Intermedia / Transbordo,intermedia-transbordo,Gustavo A. Madero,https://wikidata.org/entity/Q2027082,,,gustavo-a.-madero,1981
STC Metro,Bondojito,https://www.wikidata.org/entity/Q6824506,bondojito,04,linea-4,Line 4,https://wikidata.org/entity/Q2837181,Intermedia,intermedia,Gustavo A. Madero,https://wikidata.org/entity/Q2027082,,,gustavo-a.-madero,1981
STC Metro,Talismán,https://www.wikidata.org/entity/Q6824726,talisman,04,linea-4,Line 4,https://wikidata.org/entity/Q2837181,Intermedia,intermedia,Gustavo A. Madero,https://wikidata.org/entity/Q2027082,,,gustavo-a.-madero,1981
STC Metro,Martín Carrera,https://www.wikidata.org/entity/Q6824623,martin-carrera,04,linea-4,Line 4,https://wikidata.org/entity/Q2837181,Terminal / Transbordo,terminal-transbordo,Gustavo A. Madero,https://wikidata.org/entity/Q2027082,,,gustavo-a.-madero,1981
STC Metro,Politécnico,https://www.wikidata.org/entity/Q3431375,politecnico,05,linea-5,Line 5,https://wikidata.org/entity/Q1152238,Terminal,terminal,Gustavo A. Madero,https://wikidata.org/entity/Q2027082,,,gustavo-a.-madero,1982
STC Metro,Instituto del Petróleo,https://www.wikidata.org/entity/Q6824591,instituto-del-petroleo,05,linea-5,Line 5,https://wikidata.org/entity/Q1152238,Intermedia / Transbordo,intermedia-transbordo,Gustavo A. Madero,https://wikidata.org/entity/Q2027082,,,gustavo-a.-madero,1982
STC Metro,Autobuses del Norte,https://www.wikidata.org/entity/Q6824496,autobuses-del-norte,05,linea-5,Line 5,https://wikidata.org/entity/Q1152238,Intermedia,intermedia,Gustavo A. Madero,https://wikidata.org/entity/Q2027082,,,gustavo-a.-madero,1982
STC Metro,La Raza,https://www.wikidata.org/entity/Q3429492,la-raza,05,linea-5,Line 5,https://wikidata.org/entity/Q1152238,Intermedia / Transbordo,intermedia-transbordo,Gustavo A. Madero,https://wikidata.org/entity/Q2027082,,,gustavo-a.-madero,1982
STC Metro,Misterios,https://www.wikidata.org/entity/Q6824625,misterios,05,linea-5,Line 5,https://wikidata.org/entity/Q1152238,Intermedia,intermedia,Gustavo A. Madero,https://wikidata.org/entity/Q2027082,Cuauhtémoc,,gustavo-a.-madero;cuauhtemoc,1982
STC Metro,Valle Gómez,https://www.wikidata.org/entity/Q9092402,valle-gomez,05,linea-5,Line 5,https://wikidata.org/entity/Q1152238,Intermedia,intermedia,Gustavo A. Madero,https://wikidata.org/entity/Q2027082,Venustiano Carranza,,gustavo-a.-madero;venustiano-carranza,1982
STC Metro,Consulado,https://www.wikidata.org/entity/Q6824549,consulado,05,linea-5,Line 5,https://wikidata.org/entity/Q1152238,Intermedia / Transbordo,intermedia-transbordo,Gustavo A. Madero,https://wikidata.org/entity/Q2027082,Venustiano Carranza,,gustavo-a.-madero;venustiano-carranza,1981
STC Metro,Eduardo Molina,https://www.wikidata.org/entity/Q6824560,eduardo-molina,05,linea-5,Line 5,https://wikidata.org/entity/Q1152238,Intermedia,intermedia,Gustavo A. Madero,https://wikidata.org/entity/Q2027082,Venustiano Carranza,,gustavo-a.-madero;venustiano-carranza,1981
STC Metro,Aragón,https://www.wikidata.org/entity/Q6824481,aragon,05,linea-5,Line 5,https://wikidata.org/entity/Q1152238,Intermedia,intermedia,Gustavo A. Madero,https://wikidata.org/entity/Q2027082,Venustiano Carranza,,gustavo-a.-madero;venustiano-carranza,1981
STC Metro,Oceanía,https://www.wikidata.org/entity/Q522857,oceania,05,linea-5,Line 5,https://wikidata.org/entity/Q1152238,Intermedia / Transbordo,intermedia-transbordo,Venustiano Carranza,https://wikidata.org/entity/Q10832464,,,venustiano-carranza,1981
STC Metro,Terminal Aérea,https://www.wikidata.org/entity/Q6824733,terminal-aerea,05,linea-5,Line 5,https://wikidata.org/entity/Q1152238,Intermedia,intermedia,Venustiano Carranza,https://wikidata.org/entity/Q10832464,,,venustiano-carranza,1981
STC Metro,Hangares,https://www.wikidata.org/entity/Q6824582,hangares,05,linea-5,Line 5,https://wikidata.org/entity/Q1152238,Intermedia,intermedia,Venustiano Carranza,https://wikidata.org/entity/Q10832464,,,venustiano-carranza,1981
STC Metro,Pantitlán,https://www.wikidata.org/entity/Q3352997,pantitlan,05,linea-5,Line 5,https://wikidata.org/entity/Q1152238,Terminal / Transbordo,terminal-transbordo,Venustiano Carranza,https://wikidata.org/entity/Q10832464,,,venustiano-carranza,1981
STC Metro,El Rosario,https://www.wikidata.org/entity/Q3429496,el-rosario,06,linea-6,Line 6,https://wikidata.org/entity/Q3238990,Terminal / Transbordo,terminal-transbordo,Azcapotzalco,https://wikidata.org/entity/Q994867,,,azcapotzalco,1983
STC Metro,Tezozómoc,https://www.wikidata.org/entity/Q6824734,tezozomoc,06,linea-6,Line 6,https://wikidata.org/entity/Q3238990,Intermedia,intermedia,Azcapotzalco,https://wikidata.org/entity/Q994867,,,azcapotzalco,1983
STC Metro,UAM-Azcapotzalco,https://www.wikidata.org/entity/Q6824498,uam-azcapotzalco,06,linea-6,Line 6,https://wikidata.org/entity/Q3238990,Intermedia,intermedia,Azcapotzalco,https://wikidata.org/entity/Q994867,,,azcapotzalco,1983
STC Metro,Ferrería/Arena Ciudad de México,https://www.wikidata.org/entity/Q619422,ferreria,06,linea-6,Line 6,https://wikidata.org/entity/Q3238990,Intermedia,intermedia,Azcapotzalco,https://wikidata.org/entity/Q994867,,,azcapotzalco,1983
STC Metro,Norte 45,https://www.wikidata.org/entity/Q6824650,norte-45,06,linea-6,Line 6,https://wikidata.org/entity/Q3238990,Intermedia,intermedia,Azcapotzalco,https://wikidata.org/entity/Q994867,,,azcapotzalco,1983
STC Metro,Vallejo,https://www.wikidata.org/entity/Q6824762,vallejo,06,linea-6,Line 6,https://wikidata.org/entity/Q3238990,Intermedia,intermedia,Azcapotzalco,https://wikidata.org/entity/Q994867,,,azcapotzalco,1983
STC Metro,Instituto del Petróleo,https://www.wikidata.org/entity/Q6824591,instituto-del-petroleo,06,linea-6,Line 6,https://wikidata.org/entity/Q3238990,Intermedia / Transbordo,intermedia-transbordo,Gustavo A. Madero,https://wikidata.org/entity/Q2027082,,,gustavo-a.-madero,1983
STC Metro,Lindavista,https://www.wikidata.org/entity/Q6824614,lindavista,06,linea-6,Line 6,https://wikidata.org/entity/Q3238990,Intermedia,intermedia,Gustavo A. Madero,https://wikidata.org/entity/Q2027082,,,gustavo-a.-madero,1986
STC Metro,Deportivo 18 de Marzo,https://www.wikidata.org/entity/Q3431319,deportivo-18-de-marzo,06,linea-6,Line 6,https://wikidata.org/entity/Q3238990,Intermedia / Transbordo,intermedia-transbordo,Gustavo A. Madero,https://wikidata.org/entity/Q2027082,,,gustavo-a.-madero,1986
STC Metro,La Villa-Basílica,https://www.wikidata.org/entity/Q2836136,la-villa-basilica,06,linea-6,Line 6,https://wikidata.org/entity/Q3238990,Intermedia,intermedia,Gustavo A. Madero,https://wikidata.org/entity/Q2027082,,,gustavo-a.-madero,1986
STC Metro,Martín Carrera,https://www.wikidata.org/entity/Q6824623,martin-carrera,06,linea-6,Line 6,https://wikidata.org/entity/Q3238990,Terminal / Transbordo,terminal-transbordo,Gustavo A. Madero,https://wikidata.org/entity/Q2027082,,,gustavo-a.-madero,1986
STC Metro,El Rosario,https://www.wikidata.org/entity/Q3429496,el-rosario,07,linea-7,Line 7,https://wikidata.org/entity/Q929645,Terminal / Transbordo,terminal-transbordo,Azcapotzalco,https://wikidata.org/entity/Q994867,,,azcapotzalco,1988
STC Metro,Aquiles Serdán,https://www.wikidata.org/entity/Q6824477,aquiles-serdan,07,linea-7,Line 7,https://wikidata.org/entity/Q929645,Intermedia,intermedia,Azcapotzalco,https://wikidata.org/entity/Q994867,,,azcapotzalco,1988
STC Metro,Camarones,https://www.wikidata.org/entity/Q6824514,camarones,07,linea-7,Line 7,https://wikidata.org/entity/Q929645,Intermedia,intermedia,Azcapotzalco,https://wikidata.org/entity/Q994867,,,azcapotzalco,1988
STC Metro,Refinería,https://www.wikidata.org/entity/Q9067431,refineria,07,linea-7,Line 7,https://wikidata.org/entity/Q929645,Intermedia,intermedia,Azcapotzalco,https://wikidata.org/entity/Q994867,,,azcapotzalco,1988
STC Metro,Tacuba,https://www.wikidata.org/entity/Q3356901,tacuba,07,linea-7,Line 7,https://wikidata.org/entity/Q929645,Intermedia / Transbordo,intermedia-transbordo,Miguel Hidalgo,https://wikidata.org/entity/Q1832732,,,miguel-hidalgo,1984
STC Metro,San Joaquín,https://www.wikidata.org/entity/Q6824700,san-joaquin,07,linea-7,Line 7,https://wikidata.org/entity/Q929645,Intermedia,intermedia,Miguel Hidalgo,https://wikidata.org/entity/Q1832732,,,miguel-hidalgo,1984
STC Metro,Polanco,https://www.wikidata.org/entity/Q6824672,polanco,07,linea-7,Line 7,https://wikidata.org/entity/Q929645,Intermedia,intermedia,Miguel Hidalgo,https://wikidata.org/entity/Q1832732,,,miguel-hidalgo,1984
STC Metro,Auditorio,https://www.wikidata.org/entity/Q6824492,auditorio,07,linea-7,Line 7,https://wikidata.org/entity/Q929645,Intermedia,intermedia,Miguel Hidalgo,https://wikidata.org/entity/Q1832732,,,miguel-hidalgo,1984
STC Metro,Constituyentes,https://www.wikidata.org/entity/Q5944586,constituyentes,07,linea-7,Line 7,https://wikidata.org/entity/Q929645,Intermedia,intermedia,Miguel Hidalgo,https://wikidata.org/entity/Q1832732,,,miguel-hidalgo,1985
STC Metro,Tacubaya,https://www.wikidata.org/entity/Q2744158,tacubaya,07,linea-7,Line 7,https://wikidata.org/entity/Q929645,Intermedia / Transbordo,intermedia-transbordo,Miguel Hidalgo,https://wikidata.org/entity/Q1832732,,,miguel-hidalgo,1985
STC Metro,San Pedro de los Pinos,https://www.wikidata.org/entity/Q5841189,san-pedro-de-los-pinos,07,linea-7,Line 7,https://wikidata.org/entity/Q929645,Intermedia,intermedia,Benito Juárez,https://wikidata.org/entity/Q2356998,,,benito-juarez,1985
STC Metro,San Antonio,https://www.wikidata.org/entity/Q6824698,san-antonio,07,linea-7,Line 7,https://wikidata.org/entity/Q929645,Intermedia,intermedia,Benito Juárez,https://wikidata.org/entity/Q2356998,,,benito-juarez,1985
STC Metro,Mixcoac,https://www.wikidata.org/entity/Q6824627,mixcoac,07,linea-7,Line 7,https://wikidata.org/entity/Q929645,Intermedia / Transbordo,intermedia-transbordo,Benito Juárez,https://wikidata.org/entity/Q2356998,,,benito-juarez,1985
STC Metro,Barranca del Muerto,https://www.wikidata.org/entity/Q2885482,barranca-del-muerto,07,linea-7,Line 7,https://wikidata.org/entity/Q929645,Terminal,terminal,Álvaro Obregón,https://wikidata.org/entity/Q14906254,,,alvaro-obregon,1985
STC Metro,Garibaldi/Lagunilla,https://www.wikidata.org/entity/Q1147620,garibaldi-lagunilla,08,linea-8,Line 8,https://wikidata.org/entity/Q1149545,Terminal / Transbordo,terminal-transbordo,Cuauhtémoc,https://wikidata.org/entity/Q645293,,,cuauhtemoc,1994
STC Metro,Bellas Artes,https://www.wikidata.org/entity/Q2541953,bellas-artes,08,linea-8,Line 8,https://wikidata.org/entity/Q1149545,Intermedia / Transbordo,intermedia-transbordo,Cuauhtémoc,https://wikidata.org/entity/Q645293,,,cuauhtemoc,1994
STC Metro,San Juan de Letrán,https://www.wikidata.org/entity/Q5691609,san-juan-de-letran,08,linea-8,Line 8,https://wikidata.org/entity/Q1149545,Intermedia,intermedia,Cuauhtémoc,https://wikidata.org/entity/Q645293,,,cuauhtemoc,1994
STC Metro,Salto del Agua,https://www.wikidata.org/entity/Q740243,salto-del-agua,08,linea-8,Line 8,https://wikidata.org/entity/Q1149545,Intermedia / Transbordo,intermedia-transbordo,Cuauhtémoc,https://wikidata.org/entity/Q645293,,,cuauhtemoc,1994
STC Metro,Doctores,https://www.wikidata.org/entity/Q2837042,doctores,08,linea-8,Line 8,https://wikidata.org/entity/Q1149545,Intermedia,intermedia,Cuauhtémoc,https://wikidata.org/entity/Q645293,,,cuauhtemoc,1994
STC Metro,Obrera,https://www.wikidata.org/entity/Q6824651,obrera,08,linea-8,Line 8,https://wikidata.org/entity/Q1149545,Intermedia,intermedia,Cuauhtémoc,https://wikidata.org/entity/Q645293,,,cuauhtemoc,1994
STC Metro,Chabacano,https://www.wikidata.org/entity/Q3317707,chabacano,08,linea-8,Line 8,https://wikidata.org/entity/Q1149545,Intermedia / Transbordo,intermedia-transbordo,Cuauhtémoc,https://wikidata.org/entity/Q645293,,,cuauhtemoc,1994
STC Metro,La Viga,https://www.wikidata.org/entity/Q9019049,la-viga,08,linea-8,Line 8,https://wikidata.org/entity/Q1149545,Intermedia,intermedia,Cuauhtémoc,https://wikidata.org/entity/Q645293,Venustiano Carranza,,cuauhtemoc;venustiano-carranza,1994
STC Metro,Santa Anita,https://www.wikidata.org/entity/Q6824703,santa-anita,08,linea-8,Line 8,https://wikidata.org/entity/Q1149545,Intermedia / Transbordo,intermedia-transbordo,Iztacalco,https://wikidata.org/entity/Q953866,,,iztacalco,1994
STC Metro,Coyuya,https://www.wikidata.org/entity/Q6824553,coyuya,08,linea-8,Line 8,https://wikidata.org/entity/Q1149545,Intermedia,intermedia,Iztacalco,https://wikidata.org/entity/Q953866,,,iztacalco,1994
STC Metro,Iztacalco,https://www.wikidata.org/entity/Q3431125,iztacalco,08,linea-8,Line 8,https://wikidata.org/entity/Q1149545,Intermedia,intermedia,Iztacalco,https://wikidata.org/entity/Q953866,,,iztacalco,1994
STC Metro,Apatlaco,https://www.wikidata.org/entity/Q6824476,apatlaco,08,linea-8,Line 8,https://wikidata.org/entity/Q1149545,Intermedia,intermedia,Iztapalapa,https://wikidata.org/entity/Q741771,,,iztapalapa,1994
STC Metro,Aculco,https://www.wikidata.org/entity/Q6824471,aculco,08,linea-8,Line 8,https://wikidata.org/entity/Q1149545,Intermedia,intermedia,Iztapalapa,https://wikidata.org/entity/Q741771,,,iztapalapa,1994
STC Metro,Escuadrón 201,https://www.wikidata.org/entity/Q3431185,escuadron-201,08,linea-8,Line 8,https://wikidata.org/entity/Q1149545,Intermedia,intermedia,Iztapalapa,https://wikidata.org/entity/Q741771,,,iztapalapa,1994
STC Metro,Atlalilco,https://www.wikidata.org/entity/Q6824487,atlalilco,08,linea-8,Line 8,https://wikidata.org/entity/Q1149545,Intermedia / Transbordo,intermedia-transbordo,Iztapalapa,https://wikidata.org/entity/Q741771,,,iztapalapa,1994
STC Metro,Iztapalapa,https://www.wikidata.org/entity/Q4204314,iztapalapa,08,linea-8,Line 8,https://wikidata.org/entity/Q1149545,Intermedia,intermedia,Iztapalapa,https://wikidata.org/entity/Q741771,,,iztapalapa,1994
STC Metro,Cerro de la Estrella,https://www.wikidata.org/entity/Q8344273,cerro-de-la-estrella,08,linea-8,Line 8,https://wikidata.org/entity/Q1149545,Intermedia,intermedia,Iztapalapa,https://wikidata.org/entity/Q741771,,,iztapalapa,1994
STC Metro,UAM-I,https://www.wikidata.org/entity/Q6824756,uam-i,08,linea-8,Line 8,https://wikidata.org/entity/Q1149545,Intermedia,intermedia,Iztapalapa,https://wikidata.org/entity/Q741771,,,iztapalapa,1994
STC Metro,Constitución de 1917,https://www.wikidata.org/entity/Q6824546,constitucion-de-1917,08,linea-8,Line 8,https://wikidata.org/entity/Q1149545,Terminal,terminal,Iztapalapa,https://wikidata.org/entity/Q741771,,,iztapalapa,1994
STC Metro,Pantitlán,https://www.wikidata.org/entity/Q3352997,pantitlan,09,linea-9,Line 9,https://wikidata.org/entity/Q3239046,Terminal / Transbordo,terminal-transbordo,Venustiano Carranza,https://wikidata.org/entity/Q10832464,Iztacalco,,venustiano-carranza;iztacalco,1987
STC Metro,Puebla,https://www.wikidata.org/entity/Q6824679,puebla,09,linea-9,Line 9,https://wikidata.org/entity/Q3239046,Intermedia,intermedia,Venustiano Carranza,https://wikidata.org/entity/Q10832464,Iztacalco,,venustiano-carranza;iztacalco,1987
STC Metro,Ciudad Deportiva,https://www.wikidata.org/entity/Q6824544,ciudad-deportiva,09,linea-9,Line 9,https://wikidata.org/entity/Q3239046,Intermedia,intermedia,Venustiano Carranza,https://wikidata.org/entity/Q10832464,Iztacalco,,venustiano-carranza;iztacalco,1987
STC Metro,Velódromo,https://www.wikidata.org/entity/Q6824767,velodromo,09,linea-9,Line 9,https://wikidata.org/entity/Q3239046,Intermedia,intermedia,Venustiano Carranza,https://wikidata.org/entity/Q10832464,,,venustiano-carranza,1987
STC Metro,Mixhiuca,,mixhiuca,09,linea-9,Line 9,https://wikidata.org/entity/Q3239046,Intermedia,intermedia,Venustiano Carranza,https://wikidata.org/entity/Q10832464,,,venustiano-carranza,1987
STC Metro,Jamaica,https://www.wikidata.org/entity/Q3377006,jamaica,09,linea-9,Line 9,https://wikidata.org/entity/Q3239046,Intermedia / Transbordo,intermedia-transbordo,Venustiano Carranza,https://wikidata.org/entity/Q10832464,,,venustiano-carranza,1987
STC Metro,Chabacano,https://www.wikidata.org/entity/Q3317707,chabacano,09,linea-9,Line 9,https://wikidata.org/entity/Q3239046,Intermedia / Transbordo,intermedia-transbordo,Cuauhtémoc,https://wikidata.org/entity/Q645293,,,cuauhtemoc,1987
STC Metro,Lázaro Cárdenas,https://www.wikidata.org/entity/Q6824617,lazaro-cardenas,09,linea-9,Line 9,https://wikidata.org/entity/Q3239046,Intermedia,intermedia,Cuauhtémoc,https://wikidata.org/entity/Q645293,,,cuauhtemoc,1987
STC Metro,Centro Médico,https://www.wikidata.org/entity/Q5810513,centro-medico,09,linea-9,Line 9,https://wikidata.org/entity/Q3239046,Intermedia / Transbordo,intermedia-transbordo,Cuauhtémoc,https://wikidata.org/entity/Q645293,,,cuauhtemoc,1987
STC Metro,Chilpancingo,https://www.wikidata.org/entity/Q3431073,chilpancingo,09,linea-9,Line 9,https://wikidata.org/entity/Q3239046,Intermedia,intermedia,Cuauhtémoc,https://wikidata.org/entity/Q645293,,,cuauhtemoc,1988
STC Metro,Patriotismo,https://www.wikidata.org/entity/Q6824665,patriotismo,09,linea-9,Line 9,https://wikidata.org/entity/Q3239046,Intermedia,intermedia,Cuauhtémoc,https://wikidata.org/entity/Q645293,Miguel Hidalgo,,cuauhtemoc;miguel-hidalgo,1988
STC Metro,Tacubaya,https://www.wikidata.org/entity/Q2744158,tacubaya,09,linea-9,Line 9,https://wikidata.org/entity/Q3239046,Terminal / Transbordo,terminal-transbordo,Miguel Hidalgo,https://wikidata.org/entity/Q1832732,,,miguel-hidalgo,1988
STC Metro,Tláhuac,https://www.wikidata.org/entity/Q6824735,tlahuac,12,linea-12,Line 12,https://wikidata.org/entity/Q5985548,Terminal,terminal,Tláhuac,https://wikidata.org/entity/Q408181,,,tlahuac,2012
STC Metro,Tlaltenco,https://www.wikidata.org/entity/Q2883637,tlaltenco,12,linea-12,Line 12,https://wikidata.org/entity/Q5985548,Intermedia,intermedia,Tláhuac,https://wikidata.org/entity/Q408181,,,tlahuac,2012
STC Metro,Zapotitlán,https://www.wikidata.org/entity/Q9097529,zapotitlan,12,linea-12,Line 12,https://wikidata.org/entity/Q5985548,Intermedia,intermedia,Tláhuac,https://wikidata.org/entity/Q408181,,,tlahuac,2012
STC Metro,Nopalera,https://www.wikidata.org/entity/Q6044683,nopalera,12,linea-12,Line 12,https://wikidata.org/entity/Q5985548,Intermedia,intermedia,Tláhuac,https://wikidata.org/entity/Q408181,,,tlahuac,2012
STC Metro,Olivos,https://www.wikidata.org/entity/Q6050104,olivos,12,linea-12,Line 12,https://wikidata.org/entity/Q5985548,Intermedia,intermedia,Tláhuac,https://wikidata.org/entity/Q408181,,,tlahuac,2012
STC Metro,Tezonco,https://www.wikidata.org/entity/Q6143783,tezonco,12,linea-12,Line 12,https://wikidata.org/entity/Q5985548,Intermedia,intermedia,Iztapalapa,https://wikidata.org/entity/Q741771,,,iztapalapa,2012
STC Metro,Periférico Oriente,https://www.wikidata.org/entity/Q6072488,periferico-oriente,12,linea-12,Line 12,https://wikidata.org/entity/Q5985548,Intermedia,intermedia,Iztapalapa,https://wikidata.org/entity/Q741771,,,iztapalapa,2012
STC Metro,Calle 11,https://www.wikidata.org/entity/Q5740298,calle-11,12,linea-12,Line 12,https://wikidata.org/entity/Q5985548,Intermedia,intermedia,Iztapalapa,https://wikidata.org/entity/Q741771,,,iztapalapa,2012
STC Metro,Lomas Estrella,https://www.wikidata.org/entity/Q5978599,lomas-estrella,12,linea-12,Line 12,https://wikidata.org/entity/Q5985548,Intermedia,intermedia,Iztapalapa,https://wikidata.org/entity/Q741771,,,iztapalapa,2012
STC Metro,San Andrés Tomatlán,https://www.wikidata.org/entity/Q6118305,san-andres-tomatlan,12,linea-12,Line 12,https://wikidata.org/entity/Q5985548,Intermedia,intermedia,Iztapalapa,https://wikidata.org/entity/Q741771,,,iztapalapa,2012
STC Metro,Culhuacán,https://www.wikidata.org/entity/Q5794406,culhuacan,12,linea-12,Line 12,https://wikidata.org/entity/Q5985548,Intermedia,intermedia,Iztapalapa,https://wikidata.org/entity/Q741771,,,iztapalapa,2012
STC Metro,Atlalilco,https://www.wikidata.org/entity/Q6824487,atlalilco,12,linea-12,Line 12,https://wikidata.org/entity/Q5985548,Intermedia / Transbordo,intermedia-transbordo,Iztapalapa,https://wikidata.org/entity/Q741771,,,iztapalapa,2012
STC Metro,Mexicaltzingo,https://www.wikidata.org/entity/Q6012160,mexicaltzingo,12,linea-12,Line 12,https://wikidata.org/entity/Q5985548,Intermedia,intermedia,Iztapalapa,https://wikidata.org/entity/Q741771,Coyoacán,,iztapalapa;coyoacan,2012
STC Metro,Ermita,https://www.wikidata.org/entity/Q5256668,ermita,12,linea-12,Line 12,https://wikidata.org/entity/Q5985548,Intermedia / Transbordo,intermedia-transbordo,Benito Juárez,https://wikidata.org/entity/Q2356998,,,benito-juarez,2012
STC Metro,Eje Central,https://www.wikidata.org/entity/Q5644140,eje-central,12,linea-12,Line 12,https://wikidata.org/entity/Q5985548,Intermedia,intermedia,Benito Juárez,https://wikidata.org/entity/Q2356998,,,benito-juarez,2012
STC Metro,Parque de los Venados,https://www.wikidata.org/entity/Q6062821,parque-de-los-venados,12,linea-12,Line 12,https://wikidata.org/entity/Q5985548,Intermedia,intermedia,Benito Juárez,https://wikidata.org/entity/Q2356998,,,benito-juarez,2012
STC Metro,Zapata,https://www.wikidata.org/entity/Q6824782,zapata,12,linea-12,Line 12,https://wikidata.org/entity/Q5985548,Intermedia / Transbordo,intermedia-transbordo,Benito Juárez,https://wikidata.org/entity/Q2356998,,,benito-juarez,2012
STC Metro,Hospital 20 de Noviembre,https://www.wikidata.org/entity/Q5902535,hospital-20-de-noviembre,12,linea-12,Line 12,https://wikidata.org/entity/Q5985548,Intermedia,intermedia,Benito Juárez,https://wikidata.org/entity/Q2356998,,,benito-juarez,2012
STC Metro,Insurgentes Sur,https://www.wikidata.org/entity/Q5918521,insurgentes-sur,12,linea-12,Line 12,https://wikidata.org/entity/Q5985548,Intermedia,intermedia,Benito Juárez,https://wikidata.org/entity/Q2356998,,,benito-juarez,2012
STC Metro,Mixcoac,https://www.wikidata.org/entity/Q6824627,mixcoac,12,linea-12,Line 12,https://wikidata.org/entity/Q5985548,Terminal / Transbordo,terminal-transbordo,Benito Juárez,https://wikidata.org/entity/Q2356998,,,benito-juarez,2012
STC Metro,Pantitlán,https://www.wikidata.org/entity/Q3352997,pantitlan,A,linea-A,Mexico City Metro Line A,https://wikidata.org/entity/Q3239049,Terminal / Transbordo,terminal-transbordo,Iztacalco,https://wikidata.org/entity/Q953866,,,iztacalco,1991
STC Metro,Agrícola Oriental,https://www.wikidata.org/entity/Q8191806,agricola-oriental,A,linea-A,Mexico City Metro Line A,https://wikidata.org/entity/Q3239049,Intermedia,intermedia,Iztacalco,https://wikidata.org/entity/Q953866,,,iztacalco,1991
STC Metro,Canal de San Juan,https://www.wikidata.org/entity/Q6824517,canal-de-san-juan,A,linea-A,Mexico City Metro Line A,https://wikidata.org/entity/Q3239049,Intermedia,intermedia,Iztacalco,https://wikidata.org/entity/Q953866,,,iztacalco,1991
STC Metro,Tepalcates,https://www.wikidata.org/entity/Q6824730,tepalcates,A,linea-A,Mexico City Metro Line A,https://wikidata.org/entity/Q3239049,Intermedia,intermedia,Iztapalapa,https://wikidata.org/entity/Q741771,,,iztapalapa,1991
STC Metro,Guelatao,https://www.wikidata.org/entity/Q6824577,guelatao,A,linea-A,Mexico City Metro Line A,https://wikidata.org/entity/Q3239049,Intermedia,intermedia,Iztapalapa,https://wikidata.org/entity/Q741771,,,iztapalapa,1991
STC Metro,Peñón Viejo,https://www.wikidata.org/entity/Q9058930,penon-viejo,A,linea-A,Mexico City Metro Line A,https://wikidata.org/entity/Q3239049,Intermedia,intermedia,Iztapalapa,https://wikidata.org/entity/Q741771,,,iztapalapa,1991
STC Metro,Acatitla,https://www.wikidata.org/entity/Q6824469,acatitla,A,linea-A,Mexico City Metro Line A,https://wikidata.org/entity/Q3239049,Intermedia,intermedia,Iztapalapa,https://wikidata.org/entity/Q741771,,,iztapalapa,1991
STC Metro,Santa Marta,https://www.wikidata.org/entity/Q9074085,santa-marta,A,linea-A,Mexico City Metro Line A,https://wikidata.org/entity/Q3239049,Intermedia,intermedia,Iztapalapa,https://wikidata.org/entity/Q741771,,,iztapalapa,1991
STC Metro,Los Reyes,https://www.wikidata.org/entity/Q6824612,los-reyes,A,linea-A,Mexico City Metro Line A,https://wikidata.org/entity/Q3239049,Intermedia,intermedia,state of Mexico,https://wikidata.org/entity/Q15149663,La Paz,https://wikidata.org/entity/Q2276224,estado-de-mexico-la-paz,1991
STC Metro,La Paz,https://www.wikidata.org/entity/Q6824608,la-paz,A,linea-A,Mexico City Metro Line A,https://wikidata.org/entity/Q3239049,Terminal,terminal,state of Mexico,https://wikidata.org/entity/Q15149663,La Paz,https://wikidata.org/entity/Q2276224,estado-de-mexico-la-paz,1991
STC Metro,Buenavista,https://www.wikidata.org/entity/Q3431142,buenavista,B,linea-B,Line B,https://wikidata.org/entity/Q3239062,Terminal,terminal,Cuauhtémoc,https://wikidata.org/entity/Q645293,,,cuauhtemoc,1999
STC Metro,Guerrero,https://www.wikidata.org/entity/Q6824578,guerrero,B,linea-B,Line B,https://wikidata.org/entity/Q3239062,Intermedia / Transbordo,intermedia-transbordo,Cuauhtémoc,https://wikidata.org/entity/Q645293,,,cuauhtemoc,1999
STC Metro,Garibaldi/Lagunilla,https://www.wikidata.org/entity/Q1147620,garibaldi-lagunilla,B,linea-B,Line B,https://wikidata.org/entity/Q3239062,Intermedia / Transbordo,intermedia-transbordo,Cuauhtémoc,https://wikidata.org/entity/Q645293,,,cuauhtemoc,1999
STC Metro,Lagunilla,https://www.wikidata.org/entity/Q6824610,lagunilla,B,linea-B,Line B,https://wikidata.org/entity/Q3239062,Intermedia,intermedia,Cuauhtémoc,https://wikidata.org/entity/Q645293,,,cuauhtemoc,1999
STC Metro,Tepito,https://www.wikidata.org/entity/Q5402969,tepito,B,linea-B,Line B,https://wikidata.org/entity/Q3239062,Intermedia,intermedia,Cuauhtémoc,https://wikidata.org/entity/Q645293,,,cuauhtemoc,1999
STC Metro,Morelos,https://www.wikidata.org/entity/Q9035123,morelos,B,linea-B,Line B,https://wikidata.org/entity/Q3239062,Intermedia / Transbordo,intermedia-transbordo,Venustiano Carranza,https://wikidata.org/entity/Q10832464,,,venustiano-carranza,1999
STC Metro,San Lázaro,https://www.wikidata.org/entity/Q3356984,san-lazaro,B,linea-B,Line B,https://wikidata.org/entity/Q3239062,Intermedia / Transbordo,intermedia-transbordo,Venustiano Carranza,https://wikidata.org/entity/Q10832464,,,venustiano-carranza,1999
STC Metro,Ricardo Flores Magón,https://www.wikidata.org/entity/Q601519,ricardo-flores-magon,B,linea-B,Line B,https://wikidata.org/entity/Q3239062,Intermedia,intermedia,Venustiano Carranza,https://wikidata.org/entity/Q10832464,,,venustiano-carranza,1999
STC Metro,Romero Rubio,https://www.wikidata.org/entity/Q6824691,romero-rubio,B,linea-B,Line B,https://wikidata.org/entity/Q3239062,Intermedia,intermedia,Venustiano Carranza,https://wikidata.org/entity/Q10832464,,,venustiano-carranza,1999
STC Metro,Oceanía,https://www.wikidata.org/entity/Q522857,oceania,B,linea-B,Line B,https://wikidata.org/entity/Q3239062,Intermedia / Transbordo,intermedia-transbordo,Gustavo A. Madero,https://wikidata.org/entity/Q2027082,Venustiano Carranza,,gustavo-a.-madero;venustiano-carranza,1999
STC Metro,Deportivo Oceanía,https://www.wikidata.org/entity/Q6824555,deportivo-oceania,B,linea-B,Line B,https://wikidata.org/entity/Q3239062,Intermedia,intermedia,Gustavo A. Madero,https://wikidata.org/entity/Q2027082,,,gustavo-a.-madero,1999
STC Metro,Bosque de Aragón,https://www.wikidata.org/entity/Q6824508,bosque-de-aragon,B,linea-B,Line B,https://wikidata.org/entity/Q3239062,Intermedia,intermedia,Gustavo A. Madero,https://wikidata.org/entity/Q2027082,,,gustavo-a.-madero,1999
STC Metro,Villa de Aragón,https://www.wikidata.org/entity/Q6824768,villa-de-aragon,B,linea-B,Line B,https://wikidata.org/entity/Q3239062,Intermedia,intermedia,Gustavo A. Madero,https://wikidata.org/entity/Q2027082,,,gustavo-a.-madero,1999
STC Metro,Nezahualcóyotl,https://www.wikidata.org/entity/Q6824646,nezahualcoyotl,B,linea-B,Line B,https://wikidata.org/entity/Q3239062,Intermedia,intermedia,state of Mexico,https://wikidata.org/entity/Q15149663,Nezahualcóyotl,,estado-de-mexico-nezahualcoyotl,2000
STC Metro,Impulsora,https://www.wikidata.org/entity/Q6824590,impulsora,B,linea-B,Line B,https://wikidata.org/entity/Q3239062,Intermedia,intermedia,state of Mexico,https://wikidata.org/entity/Q15149663,Nezahualcóyotl,,estado-de-mexico-nezahualcoyotl,2000
STC Metro,Río de los Remedios,https://www.wikidata.org/entity/Q6824695,rio-de-los-remedios,B,linea-B,Line B,https://wikidata.org/entity/Q3239062,Intermedia,intermedia,state of Mexico,https://wikidata.org/entity/Q15149663,Nezahualcóyotl,,estado-de-mexico-nezahualcoyotl,2000
STC Metro,Múzquiz,https://www.wikidata.org/entity/Q6824638,muzquiz,B,linea-B,Line B,https://wikidata.org/entity/Q3239062,Intermedia,intermedia,state of Mexico,https://wikidata.org/entity/Q15149663,Estación de Ecatepec,,estado-de-mexico-ecatepec,2000
STC Metro,Ecatepec,https://www.wikidata.org/entity/Q11681253,ecatepec,B,linea-B,Line B,https://wikidata.org/entity/Q3239062,Intermedia,intermedia,state of Mexico,https://wikidata.org/entity/Q15149663,Estación de Ecatepec,,estado-de-mexico-ecatepec,2000
STC Metro,Olímpica,https://www.wikidata.org/entity/Q6824654,olimpica,B,linea-B,Line B,https://wikidata.org/entity/Q3239062,Intermedia,intermedia,state of Mexico,https://wikidata.org/entity/Q15149663,Estación de Ecatepec,,estado-de-mexico-ecatepec,2000
STC Metro,Plaza Aragón,https://www.wikidata.org/entity/Q6824670,plaza-aragon,B,linea-B,Line B,https://wikidata.org/entity/Q3239062,Intermedia,intermedia,state of Mexico,https://wikidata.org/entity/Q15149663,Estación de Ecatepec,,estado-de-mexico-ecatepec,2000
STC Metro,Ciudad Azteca,https://www.wikidata.org/entity/Q3431176,ciudad-azteca,B,linea-B,Line B,https://wikidata.org/entity/Q3239062,Terminal,terminal,state of Mexico,https://wikidata.org/entity/Q15149663,Estación de Ecatepec,,estado-de-mexico-ecatepec,2000
